keyami,8d973532-681c-4f8f-88c6-4ad0e4401da8
faction_1,4a33caca-d9aa-37f8-b7e7-5d1e72faec55
emnachoboy,4a57f67c-e15b-4135-993c-05d0b69866c8
911b6ae3_d74b_3ed7_93e4_c341bac99210,137ac203-9c53-322a-adba-c83e5274fb9c
8d973532_681c_4f8f_88c6_4ad0e4401da8,14dbd076-e0ba-3504-ba58-fd55b930fb58
kenshen38,49036a7f-4133-40bb-8572-7281b6ca8469
nidobomb,0e0d34ff-8266-4516-802c-49b90dace221
zen0ie,ebe7ada1-3b22-46e3-8b25-6b0f8dba862a
seven00,2cf56924-5357-4edd-a755-029a7025b3bc
zakkaroom,b4f6f33d-8821-4d9e-ab51-bec0b36682ad
zenixblue,9dd4d06b-f19c-3187-8ff9-99ea55c4b659
randomnerd,56f4ac88-b826-402a-89b7-3d769b6301d1
faction_3,460f4169-1fd6-35cc-afa4-9877cec57d30
jochem_block,8166d0ba-75b2-402a-9f77-a904daedbc8a
zombiekiler,13177189-3665-423f-a41a-6958653d8404
angrygate,f51e9072-1507-3cbe-ae97-6052aa3511da
